day,usage,temperature,day_name,is_weekend
0,18.070185584949755,23.069397578839776,Monday,0
1,19.109379473419672,33.93463253430994,Tuesday,0
2,14.391728745736678,28.143176713831444,Wednesday,0
3,17.568465517047482,16.42891549353556,Thursday,0
4,21.553518570155695,21.114286100713,Friday,0
5,19.60790183128822,33.4725128177893,Saturday,1
6,24.11744950009109,34.12609270841334,Sunday,1
