day,usage,temperature,day_name,is_weekend
0,13.062462352978223,30.270306628436813,Monday,0
1,12.07470353580701,26.62612288308727,Tuesday,0
2,20.726066703697853,25.987312415822082,Wednesday,0
3,20.502554522926822,25.611797776127187,Thursday,0
4,20.831406396305496,24.34094318569796,Friday,0
5,17.1719790262896,24.909039750184622,Saturday,1
6,13.180353290581843,20.35917640752237,Sunday,1
