day,usage,day_name
0,22.416647447034507,Monday
1,22.748743276053638,Tuesday
2,21.902137857600955,Wednesday
3,24.148703902401323,Thursday
4,14.521515078369188,Friday
5,16.223571527482825,Saturday
6,21.87783216356506,Sunday
