day,usage,temperature,day_name,is_weekend
0,19.241427805738454,15.587309820139641,Monday,0
1,10.235880419697482,18.04431927471729,Tuesday,0
2,14.28348528343465,15.06953127213726,Wednesday,0
3,23.042830646757707,29.206788084389245,Thursday,0
4,13.982177734761791,28.630981440385867,Friday,0
5,15.238565184436531,26.090537230181802,Saturday,1
6,21.19177779769342,33.86667278746677,Sunday,1
